{"version":3,"hash":{"type":"Buffer","data":"rNK4f/vcA0M0Mm/bqXLBxwVjvnzkRkMEub2T+MetJnO1Vno/zpQbbi4fLofp+k+CCh4XUsktTWtBmEKqp//FYOmefYIhx0riQWx9VN1adA0uY5WRlO1zL9CAnwUBspojSvesAI9UIovd8wmfw+4u6KP/5JyoHFnQ/v+c2OLrS4s="},"indexValueMap":{"2fjiRR/E4LbVVYl6MM7A/J1cI5t1QT2qfBCrTLHVraE=":{"valueMac":{"type":"Buffer","data":"xUdh2qcGOpk6wdlyZLUuDtiw9lwJS/rXSn5p80Quf34="}},"8j4oJYJn3kUu8BniSQe+/3Gy4M8n7+g23I3ran+wWb4=":{"valueMac":{"type":"Buffer","data":"5fdlKFiu91ycRiJNEjg7TxD+c70GsTiNmU+hNSEw1s8="}}}}