{"version":4,"hash":{"type":"Buffer","data":"Q1d011MxQEo37rVh3LCocZLT6H32ELqs9dT4BK7J33TX4cYjB4/fTfSZLmrSI5eqmXF6GQx1vMQWtFubZ142zCyw4r3cE/4C7gNWTTIrpcGwIvTbRHGMHBD6VsZUd+tQ8g/Kb0HfXBN8l+i0UtY5Y7LxgZnNiYaMv5/HjgM18+g="},"indexValueMap":{"ByRy+QnbigqNuVs9NQYAq9ekauVVSK/XffZaL06YuSY=":{"valueMac":{"type":"Buffer","data":"JrqqO6/ErD1QTGwMb4xQ1OMLpZZb+uSHK3yqNs9uf7E="}},"HH3xCIsGT9ETbq7o0s4o4JU0YLAe40rB5qAt8mDwAu4=":{"valueMac":{"type":"Buffer","data":"TKIp6uDL/1qyy95kpJE8yJEGZAc5R/vxWpG6GO+APXI="}},"X6RlU/EbVARToDqONiQW5dsiJ4YqHAjgonhRzE2jESk=":{"valueMac":{"type":"Buffer","data":"afGZp7FbH7s1mNbGHXk8qm7nhykaB2N/mSSeQYo6zlM="}},"dnuRhS41FVVoMUvU+plpuVHt5n/MuYxV89bdhzOXP7k=":{"valueMac":{"type":"Buffer","data":"vYbbC+h9/ZGJkFixd/NlPJMDQROynNDS1+81tUKwCfw="}},"hTPXKnjKFiUvPLTRdhFQSYXD8P9Ij8vWcviXPim0mnY=":{"valueMac":{"type":"Buffer","data":"OMLdu5dmsFgD1Zyn6/eZQ206IvyqAOHFReYVduQ72CM="}},"mDUpfMreZCBku1eQH5OmMnEkVqkAN+FMi6Z6/oI3xQ8=":{"valueMac":{"type":"Buffer","data":"LweRG5zr3eGpO8BLsitLwJwVn3td1Szjd+1A5ZO76v0="}}}}