{"_sessions":{"BV4vLHzmPkOl7JyCH2amZxfoSNg2glUNzQ6vNAODMUcW":{"registrationId":2120130954,"currentRatchet":{"ephemeralKeyPair":{"pubKey":"BctusXuHf4dfDg2bQiXonzuSA/phByJHoQR+DATMhsMs","privKey":"KD34qFAcJMnsl5haYQCrH2HSldqpbMjMLJ4o/T6bOHU="},"lastRemoteEphemeralKey":"BWI0WYR+5H0KG69YgM+u4hUxuoC7vdpf4UzzfZM0QI01","previousCounter":0,"rootKey":"gospWZl4khCF+1dT3MX9MGkO4k6DdFxayJt/hPTfOzQ="},"indexInfo":{"baseKey":"BV4vLHzmPkOl7JyCH2amZxfoSNg2glUNzQ6vNAODMUcW","baseKeyType":2,"closed":-1,"used":1695219238745,"created":1695219238745,"remoteIdentityKey":"BaX/B4NmKGxEhBRyIzhBVTumRxXDiHLLmgVsjjjBKrZv"},"_chains":{"BWI0WYR+5H0KG69YgM+u4hUxuoC7vdpf4UzzfZM0QI01":{"chainKey":{"counter":82,"key":"XrbHpuj8kF/RsvMesuelw+voxOP4uj1smvdf52lsjP4="},"chainType":2,"messageKeys":{"1":"Gt1n3qxrSICWoSxej09h+4fi14uSIHp8MccBQdhx7Mc=","2":"lJ+pFD9g3dnFnq+zzsL/b5l+5VU3qOHCAY+3GiN6fss=","3":"Gv+rzpUgcgoQ4M+mPVcN7v+IHZ7Y0j4+I6yUvUKHOeQ=","4":"NsJ3bTK2rDK0uPtt/DlZdCpQQpkO2WBtfyJUGpjNypw=","5":"QZO6wZNZCEKtv2vQryf3f9P99L1TkbTsxGmGzZ8tAYc=","6":"B1j9TkqMO0h8DBvqiYTyJhS1SMs7hQquHMOpoQvCYvg=","7":"bYkwtgu8RDxDJCijJKQXxH8C+Xtmd+nE05UbDHf6r0E=","8":"xYzpSg/DZZbwbL/LOBo43mVNX4Lde8k/nuFrA1xFqWs=","9":"shm2OtjW07vrnFlA9NJu4NoDEWDShw3D5oQxbLehKIw=","10":"V8Ejyzso1+uz1Z6OTD0gJpp+m70dQ37lIh5IZRpfEPs=","11":"trlUBYlkfw8vzjAnUitFAG9QV/OscutIc3/rs5nQc8s=","12":"jZO3GOft5/nIl/PYqbzZokxQvd4SEJBzYgq36Ix3a6I=","13":"+Op1cRsUCWdqSatKHSK+v5F2ujDWP+OU3PA6oVWHdu4=","14":"kAxM7Je4raHaQWba+PsL+4EQS2xNkkPLeyURewihip8=","15":"igpW84KsYUIJnawsRwqGtoJOqEQhavzhqDJj7q1Sm6U=","16":"7q5yqoXZxY+cFwVE45/luabVvclxcBShWh9pATakXYs=","17":"bbvMCUb59ogHvWNNfRtIltsDKvVfVHXVxrBynTIbWEk=","18":"eykCGq8s1MCkR4IPLC+rzB3Zy7sb8h7N4sP/i5Gb7Cg=","19":"M95QnSmZZLdRgPqZBIcs0nxNpLV6MIFDVV/EOKJr6VI=","20":"mnElcUL2i/9mqqP3TfS+uszzWUN/2Yg6RoY4GG8QGt4=","21":"W2RIaL6l/DjNjsml0nhIqkKMVKsVloRr2skEXFIwgms=","22":"TJSpy61nMmj2whgRJ6VR9t1SFC2cxLKud2z+gA9gKqs=","23":"eng8Rzo18sjKLlzZJa1RSQqCgyeJEPj9m0QJ+ixTYeg=","24":"RJx54cBN1+/RPcUdGSwhMgko4snZyuUGCIC3X3oXfIs=","25":"k8oESj+DYxLTjC5JppFD/pKPrzK6JErlmHqVS6FneWc=","26":"sgKJMUJ4fUR8jS4gnFEiPtZSbJYUvkUWhN6Wamtf4us=","27":"R7m39bHUx2C1DrxlNjPfotPU4fFDvBWCevEyASPF3pk=","28":"YKHnI3Nq+MQpO9+KqW/BY+BxHn2CLf6o+n9wb00DkFw=","29":"GyBUn1p1/XyWlkqQjoBzZZEeGCtFlEvkFZBNl6rl6TE=","30":"qvP7dJxrJ5P3fl8xNlD4q+GNnj07m5FHrqtB48u+JhQ=","31":"3v7lNpet0yl5kNiP0WKstYrxXY/jEZcvCDBr4KbfTMQ=","32":"ftweSF3NJDW5fzcyuO7LxcA1x/Bqa9dqhZAXR0W3z6U=","33":"xU/WtYJoIYXJYZP6n6L5eKq0E8x6R7KzkMRrCAt8zxg=","34":"i3y17BgsOHYADWmKt552iZ5G8k6NMESUtsF/HBZme4o=","35":"WG9RCp5fH7trbMK9h0njp5N4CPzfOYp5a4fK3Cmdd2Y=","36":"WYYiMXXYCfFHT+2tPWet5vj6hufMh8iTaGjwmY5LAVo=","37":"dKe3jDc32yPtxfXz1YN1Kc53XJt9uEF4Pdp2/NF/oV4=","38":"qSUN1OZR+dWdpQ5c+fGIqsKSulpqEGK1y1gM06CWvhc=","39":"AdcynB+3j1NCIR78w4HdjTblYjuRmr2Xdp+URv9dtF4=","40":"+Hvpe4NCpA4NklkxUXMn8elx6UJyiI2Xtaz5zcsgrfg=","41":"9SkKMzeDdp2uAkuClRGJMPA8OuBHhBrzD20XPP5CtYo=","42":"/YprUB+b/Mho6OD1tdj5921416z15vyDpnfddJeGeCA=","43":"ZCD7CDuw8W3eFXLPb8ciLIiJ+xRbqtnS8DWOnF+qmng=","44":"I7ygCJPx2PHirm2GSlDf3YQnxHDnHs/H05zlfxOulHA=","45":"8wP1vnd/G1bxJrmzAuC5flG9Ty8P2mNyQHcbLF75JQY=","46":"u8l8u1lu2CcGKzC67Or0eOI9MkCNwJtxle71cKOvJ1s=","47":"3hamRE2/PUDp99R1uHWxQVzEgJWCUNI2Qsa+OnBJDdE=","48":"6SO+lMKZ6l4cOd5Kwf7C+4kmle0oOFbIQ1yAPrp4ZzY=","49":"1WCgCzXaYWpEpo1HJmn3nOYDGdOJjdx2UJplIlFKziU=","50":"JWEHod70KIV+S2SpEn7qCjvJ8qzR8Fj+COXSL5w8mkg=","51":"Olr6dwDO3rS6wuSXZwIaervl148IZ/hLdg0JVtSRaYw=","52":"niGxZWta0DZP/lf5wSrwu2s+NVLG7iddjdx4fmMgBP4=","53":"2H71JaJiM7JSBvf2umymSWPIL1NfGOtfRapgI5c6/J8=","54":"MjnpcpHfRYMfOGJJyvbqM+m6grTkdCZS1YKMFmXKOMA=","55":"8RhZTBL3V3k8+2Xbe0EjJ3Bm9rGCYJL8cnex7nEzwH0=","56":"xF4z03oR3CfGXkKYZ/Dj8hawBSvAGGpgc9v9LKDp1sg=","57":"5SanBDCl2kW1L5IG7OqOuBa8sPG4O3CCclaOVnunhN4=","58":"pq76T571Ba4dlEaEo/uWRsP1fvI5B33xRiZyxA9kyLo=","59":"7Y48Mb3pFGjuQqBkRYs+OBFZ0Kp1SmpYdmzNm6WSzqg=","60":"OsmZfgycFSKHL7e6zRCrxYNx3KZ0CI9wI9P22tp13s4=","61":"tmVQeWnGQr7kwTjToMNKA43EIjTPn/gGDBqYgrvWpp0=","62":"BPaYrZF3f5QwGK0Ykl4FzzOgC0sI3UsHj2PL5uqNu0o=","63":"S+/jNY6TRSL0bGq0RKp1p0vIt3sg3s414EDqC06Wa7I=","64":"YngoPdE2AAbfD7eyn1X7Mpkf16AQmdmN1pNjZAtQ8JA=","65":"ER866NO6eX+JcH/3pJlUioi+Ludk55PyoJ0dH+o5nq4=","66":"YLLBrOVM8FBTFqRZopfm+O6G/emelMGrNMUgvCuPIzc=","67":"6bDUPPG2DOIJcPVGW6sGLD6pozUuJDqhK9sRpeJid88=","68":"tQVSwHPcmmXc4PKI6lFM6LCk6kHaa/8Wzjt2plP6sCA=","69":"EQwSxjw1sRMTNOBUwykKIg3hmF98o6oMn5WGDrMrPuw=","70":"9vPwCC4Pt8/u15Ziuu85/66J8/XQC+rCvozfUIEBFcE=","71":"7P0nfdSpGZ5eIk5s/oAFUoGyPxVwulMoAO2bDTBW6K0=","72":"ws/wKNv7dZ9xHF0BVENTVY8AEyrxwbXTtPiXtc1xZks=","73":"pLgpkRAqK8DGIZTRHwTVFyi/PifWHmbRh5lupJlnERU=","74":"bJ4Iw20V0+yWMEfDhpjFK2c9WmpCM4bshDGbzVWzUXs=","75":"DxG1fAaDqDBg+KsbxHwkxoUlZ+Kd6aVANWk2dQmIQBE=","76":"elq1lHF6QB3guTVzsosoLB1i1mtYUbaVTejIXFt3Szg=","77":"CW1gGA4QbfBA+LN4Js4jhA7panCLH0lTlIfiMv56DjU=","78":"79VjEMWO1a0JJihw3nkCJhzvvvPnNacIdySwA9R4vXQ=","79":"odM/gfbUmrl/Luj24BzTWulU7zi0AljLsTx2N13niXw=","80":"/t0g6R09ODbaUAt8uKjvujZpocqpEVtN1sznNv2boUc=","81":"XzzbtViZXBSmLDBCnkf5YVq8XS/twWWQfaT1T+xOXlM="}},"BctusXuHf4dfDg2bQiXonzuSA/phByJHoQR+DATMhsMs":{"chainKey":{"counter":-1,"key":"3j+k9XLUrX5OvuUA1JsazMik8t3tjWxrdPfZpx90U0Y="},"chainType":1,"messageKeys":{}}}}},"version":"v1"}