{"_sessions":{"Bdl9JCKKklEcSU7PT6hF16GSh8OxR0IeLqPRIs9vkNt5":{"registrationId":12,"currentRatchet":{"ephemeralKeyPair":{"pubKey":"BSFfTXZMmt7MrGvp2bhMFBQG/V4kniLPvFjM9QEDl1tw","privKey":"6HVD/HOdjfuullsPK6tlDRMLVTWQ1GoCu4yBtSf9zl4="},"lastRemoteEphemeralKey":"BX2lXtsYmmLuxhXY7kGpBHYX++mhaXTGEqkwVrxr17Rn","previousCounter":0,"rootKey":"QgMAFcKdTpHP7GYLdGuViz5ROw44BdA/l7elqwQVVYo="},"indexInfo":{"baseKey":"Bdl9JCKKklEcSU7PT6hF16GSh8OxR0IeLqPRIs9vkNt5","baseKeyType":1,"closed":-1,"used":1695217025301,"created":1695217025301,"remoteIdentityKey":"BeOakJuZGonuKokdMUzhmvFlSdbOXcj4lEI5p5GT5BMd"},"_chains":{"BSFfTXZMmt7MrGvp2bhMFBQG/V4kniLPvFjM9QEDl1tw":{"chainKey":{"counter":5,"key":"2VKYMxctkljPgCsTIm1TRw5ADl5OPdbKV1u63Qf0G1o="},"chainType":1,"messageKeys":{}}},"pendingPreKey":{"signedKeyId":1,"baseKey":"Bdl9JCKKklEcSU7PT6hF16GSh8OxR0IeLqPRIs9vkNt5"}}},"version":"v1"}