{"_sessions":{"BYA9J2L90M349f/RTCzxq3f+r8obCQtuBYiM2Vu9QvIE":{"registrationId":141,"currentRatchet":{"ephemeralKeyPair":{"pubKey":"BV9YyjWOhmwBF1yX7qc5HmU45UFOrbpe5Atzu83wfF1o","privKey":"GAUVhxHf1u8Bqv7cV/PaRGic5O0EP+Jfmo/eOd6q7Ek="},"lastRemoteEphemeralKey":"BcBSm6XiFBA+aJQ5ih14HEmOZIZWCM4fYkCiDHPLnSRO","previousCounter":0,"rootKey":"akkKZvZBQruFAEnjKtyiXZFbfZXg5GBudaeZbQdxMRg="},"indexInfo":{"baseKey":"BYA9J2L90M349f/RTCzxq3f+r8obCQtuBYiM2Vu9QvIE","baseKeyType":1,"closed":-1,"used":1695217175891,"created":1695217175891,"remoteIdentityKey":"BeNBdSBf9gqSH2BA7ATLeS3c+972pBaIVXZXRNnGBfcN"},"_chains":{"BV9YyjWOhmwBF1yX7qc5HmU45UFOrbpe5Atzu83wfF1o":{"chainKey":{"counter":0,"key":"WtFIe274um/oUL//AighwXpBgBL74x7a9AUOICtcjJ8="},"chainType":1,"messageKeys":{}}},"pendingPreKey":{"signedKeyId":1,"baseKey":"BYA9J2L90M349f/RTCzxq3f+r8obCQtuBYiM2Vu9QvIE"}}},"version":"v1"}