{"_sessions":{"BVvUtqlBvgxpIYcBtlBfUQUtAGit0GE/ByUIhiygrKFB":{"registrationId":1494101620,"currentRatchet":{"ephemeralKeyPair":{"pubKey":"BQ+4gA+MgPkLgz1jfSiOyRksQq5XyKLRmsTK9t/+uw1V","privKey":"QEvqXyEF6+0/7kxqzMrwCR/iCrB21IiNcR1rcx5/EFc="},"lastRemoteEphemeralKey":"BTE+yJ+KXR8/8Zsn7uqMHZcLo8bJ7ji3Z+VvqNqCP/Y2","previousCounter":0,"rootKey":"nDjXv+EU20vEoyki64/+pW0MhXestZuutfHZY0B55WE="},"indexInfo":{"baseKey":"BVvUtqlBvgxpIYcBtlBfUQUtAGit0GE/ByUIhiygrKFB","baseKeyType":1,"closed":-1,"used":1695223239824,"created":1695217025305,"remoteIdentityKey":"Bb+gYV1VomgtHVedqj3bjeKsaOeTUasTTPAT5dZ+JjhC"},"_chains":{"Bepxhl8QQNpXCJeYrggPdtIxLmu4NjSJHRjZ6vZPkvZE":{"chainKey":{"counter":0},"chainType":2,"messageKeys":{}},"BTE+yJ+KXR8/8Zsn7uqMHZcLo8bJ7ji3Z+VvqNqCP/Y2":{"chainKey":{"counter":0,"key":"T6nIMdGHq/msFA2shRUVWrFLNf0zIsRqvQLpA4BlzVs="},"chainType":2,"messageKeys":{}},"BQ+4gA+MgPkLgz1jfSiOyRksQq5XyKLRmsTK9t/+uw1V":{"chainKey":{"counter":-1,"key":"s9v8kUIVEr14keJe8XqJ2ogyywA6aYO5ZrqLgueU+lw="},"chainType":1,"messageKeys":{}}}}},"version":"v1"}